{"cameraMode":{"drawMode":0,"name":"Shaded","section":"Shading Mode"},"sceneLighting":true,"audioPlay":false,"sceneViewState":{"m_AlwaysRefresh":false,"showFog":true,"showSkybox":false,"showFlares":true,"showImageEffects":true,"showParticleSystems":true,"showVisualEffectGraphs":true,"m_FxEnabled":true},"in2DMode":false,"pivot":{"x":-0.8588762283325195,"y":2.4983322620391847,"z":1.5643494129180909},"rotation":{"x":0.06932146102190018,"y":0.8460796475410461,"z":-0.11362749338150025,"w":0.5161739587783814},"size":6.165094375610352,"orthographic":false}